id,title,episodes,rating,rank,popularity,start_date,end_date,year,synopsis,media_type,genres_raw,studios_raw,source
34051,Akiba's Trip The Animation,13,6.48,7916.0,1666,2017-01-04,2017-03-29,2017,"Otaku siblings Tamotsu and Niwaka Denkigai are shopping in Akihabara when it is overrun by vampiric cosplaying monsters! These creatures, known as ""Bugged Ones,"" can possess anyone they bite and soon they begin causing mayhem across the city. As Tamotsu finds himself at the mercy of one of these creatures, he is rescued by the mysterious baseball bat-wielding Matome Mayonaka. Together, they fight through several more encounters with the Bugged Ones, but before long, Tamotsu is fatally wounded protecting Matome. With no other choice, she revives him as a high level Bugged One—just like her! 

Tamotsu and Matome, along with excitable otaku cosplayer Arisa Ahokainen, make up the group ""The Electric Mayonnaise"" and they begin dispatching the Bugged Ones in the only way they know how: by ripping off their clothes and exposing them to sunlight!

[Written by MAL Rewrite]",tv,"[{'id': 1, 'name': 'Action'}, {'id': 4, 'name': 'Comedy'}, {'id': 9, 'name': 'Ecchi'}, {'id': 10, 'name': 'Fantasy'}, {'id': 69, 'name': 'Otaku Culture'}, {'id': 20, 'name': 'Parody'}, {'id': 82, 'name': 'Urban Fantasy'}]","[{'id': 3, 'name': 'Gonzo'}]",game
34437,Code Geass: Fukkatsu no Lelouch,1,7.9,895.0,806,2019-02-09,2019-02-09,2019,"Since the demise of the man believed to be Britannia's most wicked emperor one year ago, the world has enjoyed an unprecedented peace under the guidance of the United Federation of Nations. However, this fragile calm is shattered when armed militants successfully kidnap former princess Nunnally vi Britannia and Suzaku Kururugi, the chief advisor of the Black Knights, sparking an international crisis.

The powerful and untrustworthy Kingdom of Zilkhstan is accused of orchestrating their capture. To investigate, world authorities send Kallen Stadtfeld and her associates on a covert operation into the country. There, they encounter the immortal witch C.C., who is on a mission to complete the resurrection of the man responsible for the greatest revolution in history—a legend who will rise up, take command, and save the world from peril once again.

[Written by MAL Rewrite]",movie,"[{'id': 8, 'name': 'Drama'}, {'id': 18, 'name': 'Mecha'}, {'id': 38, 'name': 'Military'}, {'id': 24, 'name': 'Sci-Fi'}, {'id': 31, 'name': 'Super Power'}]","[{'id': 14, 'name': 'Sunrise'}]",original
21511,Kantai Collection: KanColle,12,6.82,5746.0,1235,2015-01-08,2015-03-26,2015,"With the seas under constant threat from the hostile ""Abyssal Fleet,"" a specialized naval base is established to counter them. Rather than standard naval weaponry, however, the base is armed with ""Kanmusu""—girls who harbor the spirits of Japanese warships—possessing the ability to don weaponized gear that allows them to harness the powerful souls within themselves. Fubuki, a young Destroyer-type Kanmusu, joins the base as a new recruit; unfortunately for her, despite her inexperience and timid nature, she is assigned to the famous Third Torpedo Squadron and quickly thrust into the heat of battle. When she is rescued from near annihilation, the rookie warship resolves to become as strong as the one who saved her.

[Written by MAL Rewrite]",tv,"[{'id': 1, 'name': 'Action'}, {'id': 51, 'name': 'Anthropomorphic'}, {'id': 38, 'name': 'Military'}, {'id': 23, 'name': 'School'}, {'id': 24, 'name': 'Sci-Fi'}]","[{'id': 51, 'name': 'Diomedéa'}]",game
35720,ACCA: 13-ku Kansatsu-ka Specials,6,6.8,5856.0,6857,2017-04-21,2017-08-29,2017,"The Kingdom of Dowa is free at last of political tensions and coup d'état rumors. Jean and Lotta Otus spend their days together with their best friend Niino, enjoying carefree conversations accompanied by alcohol and cigarettes. Although they look out for any potential threat to Dowa, even the administrative leaders of ACCA seem to relax in the long-awaited warmth of peace.

[Written by MAL Rewrite]
",special,"[{'id': 42, 'name': 'Seinen'}, {'id': 36, 'name': 'Slice of Life'}]","[{'id': 11, 'name': 'Madhouse'}]",manga
908,Fullmetal Alchemist: Premium Collection,3,7.29,3122.0,2868,2006-03-29,2006-03-29,2006,"1. State Alchemists vs Seven Homunculi
A 10 minute film featuring: Ed, Al, Mustang and many other members of the State doing battle with the deadly Homonculi in an alternate reality Amestris.

2. Chibi Party (Enkai-hen)
Short 6 minute Skit drawn in Super Deformed style where every character in the series (including bad guys) are celebrating an ""After Party"" of the Conqueror of Shambala movie.

3. Kids (Kodomo-hen)
Short 3 minute story which features Edward and his grandkids in present day 2005.

(Source: ANN) ",ova,"[{'id': 4, 'name': 'Comedy'}, {'id': 10, 'name': 'Fantasy'}, {'id': 27, 'name': 'Shounen'}]","[{'id': 4, 'name': 'Bones'}]",manga
38670,Actors: Songs Connection,12,6.32,8886.0,5467,2019-10-06,2019-12-22,2019,"Tensho School is located in the 7th Ward of Thrive Central, where emphasis is put on extracurricular activities and all clubs participate in an annual fall singing contest. Having to delay the start of his school year due to his older sister's hospitalization, transfer student Saku Otonomiya finds himself struggling to adapt to his hectic new life. Balancing his part-time job and caring for his sister, he finds it difficult to make time to join a school club.

In preparation for the upcoming singing contest, the school's singing club wishes to use Sousuke Kagura's song ""Cloudy Days,"" but Kagura is reluctant to grant his permission. The song requires someone with a three-octave range to sing it and he believes that only a VOCALOID can meet the standards. He allows for the club to use his song on the condition that they can find someone who possesses that vocal range to properly sing it.

While racking his brain over the composition of his next song, Kagura stumbles upon Otonomiya singing ""Cloudy Days"" perfectly. He invites Otonomiya to form a unit with him for the competition. At the same time, the singing club tries to goad him into joining so they can use Kagura's song. As the contest inches closer, Otonomiya must overcome his uncertainty and decide who to team up with.

[Written by MAL Rewrite]",tv,"[{'id': 19, 'name': 'Music'}, {'id': 23, 'name': 'School'}]","[{'id': 1967, 'name': 'Drive'}]",music
1423,Lupin III: Napoleon no Jisho wo Ubae,1,6.67,6744.0,7857,1991-08-09,1991-08-09,1991,"Lupin has a lively time of it this time in a classic car race from Madrid to Paris. The race prize is Napoleon's dictionary, which contains the key to the Treasure of the Empire, something that just about everybody seems to be after. Lupin and his buddies take off after the prize, pursued not only by the perennial Inspector, but also by an army of secret agents from around the world. Classic cars and state-of-the-art weapons heighten the speed and thrills of this adventure.

(Source: AniDB)",tv_special,"[{'id': 1, 'name': 'Action'}, {'id': 50, 'name': 'Adult Cast'}, {'id': 2, 'name': 'Adventure'}, {'id': 4, 'name': 'Comedy'}, {'id': 7, 'name': 'Mystery'}, {'id': 42, 'name': 'Seinen'}]","[{'id': 65, 'name': 'Tokyo Movie Shinsha'}, {'id': 73, 'name': 'TMS Entertainment'}]",manga
401,Rurouni Kenshin: Meiji Kenkaku Romantan - Seisou-hen,2,7.96,791.0,2543,2001-12-19,2002-03-20,2001,"Kaoru goes to the harbor every day to see if Kenshin has returned. After a while, she starts looking back at her life with Kenshin and all the things that have happened.

(Source: ANN)",ova,"[{'id': 8, 'name': 'Drama'}, {'id': 13, 'name': 'Historical'}, {'id': 22, 'name': 'Romance'}, {'id': 21, 'name': 'Samurai'}, {'id': 27, 'name': 'Shounen'}]","[{'id': 37, 'name': 'Studio Deen'}]",manga
41109,Log Horizon: Entaku Houkai,12,7.08,4381.0,1046,2021-01-13,2021-03-31,2021,"Third season of Log Horizon.

It's been a year since Shiroe and his friends were trapped in Akiba due to the Catastrophe. Their forging of the Round Table has brought order and prosperity to its people. But fracturing political alliances and the constant menace of the Genius monsters threaten to destabilize all they've fought for and built. Can faith be restored and they persevere, or is its destruction truly inevitable?

(Source: Funimation)",tv,"[{'id': 1, 'name': 'Action'}, {'id': 50, 'name': 'Adult Cast'}, {'id': 2, 'name': 'Adventure'}, {'id': 10, 'name': 'Fantasy'}, {'id': 79, 'name': 'Video Game'}]","[{'id': 37, 'name': 'Studio Deen'}]",light_novel
6421,Fullmetal Alchemist: Brotherhood Specials,4,8.0,726.0,1616,2009-08-26,2010-08-25,2009,"1. Moumoku no Renkinjutsushi (The Blind Alchemist)
2. Simple na Hitobito (Simple People)
3. Sensei Monogatari (The Tale of Teacher)
4. Sore mo mata Kare no Senjou (Yet Another Man's Battlefield)",special,"[{'id': 1, 'name': 'Action'}, {'id': 2, 'name': 'Adventure'}, {'id': 8, 'name': 'Drama'}, {'id': 10, 'name': 'Fantasy'}, {'id': 38, 'name': 'Military'}, {'id': 27, 'name': 'Shounen'}]","[{'id': 4, 'name': 'Bones'}]",manga
47639,Blue Reflection Ray,24,5.95,10977.0,4426,2021-04-10,2021-09-25,2021,"Individual pieces of human emotion usually take form as flowers known as ""Fragments."" The select few who possess strong enough Fragments can become ""Reflectors,"" beings who equip specialized rings that allow them to connect their thoughts, memories, and emotions to those whose feelings waver. There are two types of Reflectors—those who wear blue rings to protect those falling into depravity by preserving their Fragments, and those who wear red rings to prevent negative emotions by stealing the Fragments of those who begin to develop severe woe.

Despite wanting to socialize with people around her, transfer student Ruka Hanari's shy and introverted personality always gets in her way. In a chance encounter, however, she bumps into a woman who happens to drop a blue ring as she hurries away. Unable to return it, Ruka brings it back with her to her dorm. There, she meets the outgoing Hiori Hirahara, who also has a blue ring. They find themselves in several conflicts against red Reflectors, slowly realizing the true power of the rings that they hold.

Now striving to become Reflectors themselves, Ruka and Hiori must learn to work together and become stronger so that they can save not only the people around them, but also themselves from the emotions that hold them back.

[Written by MAL Rewrite]",tv,"[{'id': 1, 'name': 'Action'}, {'id': 66, 'name': 'Mahou Shoujo'}, {'id': 23, 'name': 'School'}]","[{'id': 7, 'name': 'J.C.Staff'}]",game
37655,Sword Gai The Animation Part II,12,5.74,12089.0,4345,2018-07-30,2018-07-30,2018,Part II of Sword Gai: The Animation.,ona,"[{'id': 1, 'name': 'Action'}, {'id': 42, 'name': 'Seinen'}, {'id': 37, 'name': 'Supernatural'}]","[{'id': 276, 'name': 'DLE'}, {'id': 563, 'name': 'LandQ studios'}]",manga
36124,Itou Junji: Collection,12,6.59,7228.0,1371,2018-01-05,2018-03-23,2018,"In the light of day and in the dead of night, mysterious horrors await in the darkest shadows of every corner. They are unexplainable, inescapable, and undefeatable. Be prepared, or you may become their next victim.

Sit back in terror as traumatizing tales of unparalleled terror unfold. Tales, such as that of a cursed jade carving that opens holes all over its victims' bodies; deep nightmares that span decades; an attractive spirit at a misty crossroad that grants cursed advice; and a slug that grows inside a girl's mouth. Tread carefully, for the horrifying supernatural tales of the Itou Junji: Collection are not for the faint of heart.

[Written by MAL Rewrite]",tv,"[{'id': 8, 'name': 'Drama'}, {'id': 14, 'name': 'Horror'}, {'id': 7, 'name': 'Mystery'}, {'id': 40, 'name': 'Psychological'}, {'id': 37, 'name': 'Supernatural'}, {'id': 41, 'name': 'Suspense'}]","[{'id': 37, 'name': 'Studio Deen'}]",manga
34716,Crocotires Traction AAA,1,5.27,13724.0,16673,1999,1999,1999,"A huge garbage dump where old tires are piled up place turns into a different world late at night when no one's around. The old tires come to life, transforming their appearances and immersing themselves in boxing.

(Source: Official Youtube channel)",movie,"[{'id': 30, 'name': 'Sports'}]","[{'id': 1023, 'name': 'Polygon Pictures'}]",original
33820,Ao Oni The Animation (Movie),1,4.03,14782.0,7712,2017-02-11,2017-02-11,2017,An animated film series based on the Ao Oni game. It will feature a new story.,movie,"[{'id': 14, 'name': 'Horror'}, {'id': 7, 'name': 'Mystery'}]","[{'id': 37, 'name': 'Studio Deen'}]",game
3104,Geisters: Fractions of the Earth,26,5.63,12600.0,12350,2001-10-06,2002-03-30,2001,"At the end of the 21st century, a meteorite collision plunged Earth into apocalypse, and the remnants of humanity went in two different directions to survive. The aristocratic Dobias headed into space, while the earthy Shioru went underground. Centuries later, they returned to Earth's surface and are now fighting for control of the planet—that is, when they're not busy fending off a new species of predators known simply as Creatures. Amidst this conflict, an elite team of five soldiers known as Geisters protects humanity from the Creatures and from each other. Although part of the Dobias, the Geisters have recently accepted a soldier of Shioru descent onto the team, and her take-charge personality leaves the other members unsure about her loyalty and usefulness to the group. With Dobias and Shioru tensions heating up on the political floor, Creatures running rampant, and a dangerous new weapon being developed in secret, the Geisters must maintain peace among themselves and the rest of society.

(Source: Anime Crash)",tv,"[{'id': 1, 'name': 'Action'}, {'id': 38, 'name': 'Military'}, {'id': 24, 'name': 'Sci-Fi'}]","[{'id': 107, 'name': 'Plum'}]",original
417,Ragnarök The Animation,26,6.45,8144.0,3470,2004-04-07,2004-09-29,2004,"A great evil is sweeping over the realm; an evil that the young swordsman Roan and his life-long companion, the acolyte Yufa, must face head on! For these two travel toward their destiny, from the highest towers to the depths of the underworld, through forest and desert alike. With an ever-growing cast of fellow heroes, fate will grasp these travelers by their very souls and propel the band of skilled adventurers towards a noble end. Or ignoble, if they don't watch their step!

Monsters are afoot and the way rife with danger and magic, the path forward may be unclear... But where will is strong, there is a way! Lessons wait in the depths of darkness, and good must prevail. The journey starts now!

(Source: FUNimation Entertainment)",tv,"[{'id': 1, 'name': 'Action'}, {'id': 10, 'name': 'Fantasy'}]","[{'id': 131, 'name': 'G&G Entertainment'}]",game
34337,Ikemen Sengoku: Toki wo Kakeru ga Koi wa Hajimaranai,12,6.25,9347.0,7402,2017-07-12,2017-09-27,2017,"""Sasuke Sarutobi"" is an average college student at Kyoto University studying time slips as a hobby until the day he falls into a time slip himself, transporting him to the Sengoku Period. Upon arrival, Sasuke encounters several warlords he could only ever dream of meeting: Toyotomi Hideyoshi, Tokugawa Ieyasu, and the famous ""Demon King of the Sixth Heaven"" Oda Nobunaga, who takes him in as a vassal. Introducing several modern concepts to the warlords varying from playing tennis to sending chain letters, Sasuke finds his place in an old but utterly new world. 

[Written by MAL Rewrite]
",tv,"[{'id': 13, 'name': 'Historical'}, {'id': 22, 'name': 'Romance'}]","[{'id': 73, 'name': 'TMS Entertainment'}, {'id': 444, 'name': 'Jinnis Animation Studios'}]",game
8358,Crayon Shin-chan Movie 01: Action Kamen vs. Haigure Maou,1,7.07,4410.0,7016,1993-07-24,1993-07-24,1993,"By finding a rare Action Kamen card, Shinnosuke Nohara and his family end up being chosen to go to a parallel world and help foil an alien invasion that is occurring over there. 

(Source: ANN) ",movie,"[{'id': 1, 'name': 'Action'}, {'id': 2, 'name': 'Adventure'}, {'id': 4, 'name': 'Comedy'}, {'id': 42, 'name': 'Seinen'}]","[{'id': 247, 'name': 'Shin-Ei Animation'}]",4_koma_manga
60588,Kai Pai La! Guaishou Da Dianying,0,,,21107,2026-04-24,,2026,"Following a decline in the amount of monster movies created, Meng Qi, a director who is obsessed with the monster movie genre, becomes unsure about his persistence—he never expected that one day an actual monster would appear in front of him! In order to fulfill his dream, Meng Qi decides to cooperate with the demon girl Liya and help her shoot a demon themed movie. However, as the shooting progresses, Meng Qi discovers that things in the other world are closely related to him...

(Source: Bilibili, translated)",ona,"[{'id': 4, 'name': 'Comedy'}, {'id': 37, 'name': 'Supernatural'}]","[{'id': 2415, 'name': 'HuaMei Animation'}]",original
25389,"Dragon Ball Z Movie 15: Fukkatsu no ""F""",1,7.03,4617.0,1386,2015-04-18,2015-04-18,2015,"Earth is finally peaceful again, but this calm is short-lived. The remnants of Frieza's army, led by Sorbet and his right hand Tagoma, arrive on Earth in order to summon Shen Long with the goal of resurrecting their old master. To do so, they threaten Emperor Pilaf, Shuu, and Mai for the Dragon Balls in their possession.

Once successfully revived, Frieza—who had been stoking his hatred for Gokuu Son and Future Trunks in Hell—proclaims that he will not be content until they are dead by his hand. Sorbet informs him that Future Trunks has not been heard of in years, and Gokuu's power has far surpassed even that of the mighty Majin Buu. Unfazed, Frieza responds that he only requires a few months of training before being capable of defeating Gokuu.

Will Frieza be able to exact revenge upon his nemesis, or will Gokuu, Vegeta, and their friends prevail against adversity, saving Earth once more?

[Written by MAL Rewrite]",movie,"[{'id': 1, 'name': 'Action'}, {'id': 2, 'name': 'Adventure'}, {'id': 4, 'name': 'Comedy'}, {'id': 10, 'name': 'Fantasy'}, {'id': 17, 'name': 'Martial Arts'}, {'id': 27, 'name': 'Shounen'}]","[{'id': 18, 'name': 'Toei Animation'}]",manga
31790,Active Raid: Kidou Kyoushuushitsu Dai Hachi Gakari,12,5.87,11393.0,3179,2016-01-07,2016-03-24,2016,"In a futuristic, post-disaster Tokyo, the ""Special Public Security Fifth Division Third Mobile Assault Eighth Unit,"" or ""Unit Eight,"" is a police unit specializing in handling criminals who wield dangerous wearable technology called ""Willwear."" Equipped with Willwear of their own, the squadron is often criticized by the public for their carelessness and disregard for protocol.

Sent in by the government as an undercover agent with special instructions from the higher-ups, Asami Kazari is Unit Eight's newest member. Determined to straighten out what she expects to be a group of incompetent fools, she instead finds a team of well-intentioned experts who use very effective—albeit unorthodox—methods, hindered by strict regulations. With their newest member by their side, Unit Eight fights crime and overcomes unexpected adversaries in Active Raid: Kidou Kyoushuushitsu Dai Hachi Gakari.

[Written by MAL Rewrite]",tv,"[{'id': 50, 'name': 'Adult Cast'}, {'id': 18, 'name': 'Mecha'}, {'id': 24, 'name': 'Sci-Fi'}]","[{'id': 1053, 'name': 'Production IMS'}]",original
1455,Makai Tenshou,2,5.31,13643.0,7760,1998-02-27,1998-03-27,1998,"Get ready for a nightmarish journey through faith and betrayal as the infamous Jubei Yagyu wields his deadly blades against the forces of good and evil alike. In an orgy of unbelievable savagery, the armies of the Shogun give no quarter as they ruthlessly slaughter their enemies. Trapped on the rocky isthmus of Amakusa, the faithful await divine aid as the demon stirs in their midst. Desperate for vengeance, a Child of Heaven becomes the emissary of Hell.

Tortured by visions of Amakusa's final hour, legendary swordsman Jubei Yagyu returns to his ancestral home seeking respite from the bloody duties of a feudal retainer. Life in the village of Yagyu possesses a serenity ill-befitting days of armed rebellion and unholy alliance. For Jubei the tranquility is far too transparent, and soon, chilling rumors reach him. Four dead heroes renew their claim to life, feeding on the fear and violence of the age. Forced to take up the sword once more, Jubei returns to the path of vengeance and damnation in Ninja Resurrection!

(Source: DVD cover)",ova,"[{'id': 1, 'name': 'Action'}, {'id': 13, 'name': 'Historical'}, {'id': 21, 'name': 'Samurai'}, {'id': 37, 'name': 'Supernatural'}]","[{'id': 329, 'name': 'Phoenix Entertainment'}]",novel
32820,Xiong Chumo: Chunri Dui Dui Peng,52,5.6,12736.0,18095,2014-11-27,2015-01-15,2014,"Fourth season of Boonie Bears.

Now that spring is in the air, the forest animals are back to frolicking amongst the freshly blooming flowers and busy at work planting new trees to add even more color to their luscious home. The bear brothers—Briar and Bramble, and all their friends are having a jolly great time basking in this colorful season; however, from time to time, they stumble across Logger Vick who will not give up. The bears, along with their little friends make it their mission to protect the forest. This always results in a lot of laughter, tears and of course, adventures aplenty!

(Source: Official website)",tv,"[{'id': 2, 'name': 'Adventure'}, {'id': 4, 'name': 'Comedy'}, {'id': 15, 'name': 'Kids'}]","[{'id': 2611, 'name': 'Fantawild Animation'}]",original
20533,Z/X: Ignition,12,6.48,7971.0,3917,2014-01-10,2014-04-03,2014,"The story is set in the not-so-distant future. Five ""Black Points"" suddenly appeared around the world as portals to parallel worlds. Immediately after, strange creatures began their invasion from these portals. These creatures are the inhabitants of five worlds—the same worlds in different timeframes. In order to ensure their own future timeframe survives, each of the five invasion forces battle to wipe the other future timeframes out. The key is one card-shaped device.

(Source: ANN)",tv,"[{'id': 2, 'name': 'Adventure'}, {'id': 10, 'name': 'Fantasy'}, {'id': 24, 'name': 'Sci-Fi'}, {'id': 11, 'name': 'Strategy Game'}]","[{'id': 94, 'name': 'Telecom Animation Film'}]",card_game
20021,Sword Art Online: Extra Edition,1,6.55,7515.0,827,2013-12-31,2013-12-31,2013,"The story is set a couple of years after the events of Sword Art Online, where Kazuto ""Kirito"" Kirigaya and his sister Suguha meet up with Asuna Yuuki, Rika ""Lisbeth"" Shinozaki, and Keiko ""Silica"" Ayano at the SAO Survivor School. Kirito then attends emergency counseling, while the girls go for a swim at the pool. It turns out that said ""emergency counseling"" is a subterfuge set up by Seijirou Kikuoka, aiming to rehash the incident of Sword Art Online in hopes of determining Akihiko Kayaba's motives. What will the girls get up to in the pool, and what awaits Kirito and his ""counseling""?

[Written by MAL Rewrite]
",special,"[{'id': 1, 'name': 'Action'}, {'id': 10, 'name': 'Fantasy'}, {'id': 79, 'name': 'Video Game'}]","[{'id': 56, 'name': 'A-1 Pictures'}]",light_novel
33337,ACCA: 13-ku Kansatsu-ka,12,7.66,1498.0,1532,2017-01-10,2017-03-28,2017,"ACCA—a national body of the kingdom of Dowa that provides public services to the citizens of the country—was established as part of the peace settlement between the king of Dowa and the 13 states of the country during a revolt. One hundred years later, Dowa is in a period of unprecedented peace, due in part to the ACCA system. However, rumors of a coup d'état start to surface. Jean Otus, the second-in-command of the inspection department of ACCA, is charged with inspecting all 13 state branches. What will he discover as he performs his audit?

Intriguing and mysterious, ACCA: 13-ku Kansatsu-ka is a politically-themed mystery that reveals a world of diverse cultures and lifestyles, with intricate connections between its characters, as the truth of the coup d'état slowly unfolds.

[Written by MAL Rewrite]",tv,"[{'id': 50, 'name': 'Adult Cast'}, {'id': 39, 'name': 'Detective'}, {'id': 8, 'name': 'Drama'}, {'id': 7, 'name': 'Mystery'}, {'id': 42, 'name': 'Seinen'}]","[{'id': 11, 'name': 'Madhouse'}]",manga
39610,ACCA: 13-ku Kansatsu-ka - Regards,1,7.15,3962.0,5573,2020-02-14,2020-02-14,2020,"The new order of ACCA will soon hold its first-anniversary celebration. To ensure every district is prepared for the festival, Jean Otus—acting as a representative for ACCA's inspection department—is called to travel across the Kingdom of Dowa and help with the arrangements. However, he feels that in times of peace, he cannot relate to his subordinate Parrot, who believes that another betrayal against Dowa is near certain.

Meanwhile, work leaves Jean no time to dedicate to his little sister Lotta and the unexpected predicament she seems to be hiding from him. Their best friend, Niino, decides to involve himself and looks for a way to support Lotta. Although Jean believes that Dowa is in no immediate danger, he must ease Parrot's suspicions before the festival and wait for Lotta to open up to him on her own.

[Written by MAL Rewrite]",ova,"[{'id': 50, 'name': 'Adult Cast'}, {'id': 39, 'name': 'Detective'}, {'id': 8, 'name': 'Drama'}, {'id': 7, 'name': 'Mystery'}, {'id': 42, 'name': 'Seinen'}]","[{'id': 11, 'name': 'Madhouse'}]",manga
36027,Ousama Game The Animation,12,5.08,14099.0,1049,2017-10-05,2017-12-21,2017,"It can be rough transferring to a new school—even more so if you do not want to make any friends, like Nobuaki Kanazawa. But the reason for his antisocial behavior soon becomes clear when his class receives a text from someone called ""The King."" Included are instructions for the ""King's Game,"" and all class members must participate. Those who refuse to play, quit halfway, or do not follow an order in the allotted time of 24 hours will receive a deadly punishment.

Having played the game before and watched as those around him died, Nobuaki tries to warn his clueless classmates. Unfortunately, they only believe him after the King's Game claims its first casualties. Stuck in a horrific situation with no chance of escape, Nobuaki has a choice: put his own survival above those around him, or do what he could not before and save his classmates.

[Written by MAL Rewrite]",tv,"[{'id': 8, 'name': 'Drama'}, {'id': 58, 'name': 'Gore'}, {'id': 59, 'name': 'High Stakes Game'}, {'id': 14, 'name': 'Horror'}, {'id': 7, 'name': 'Mystery'}, {'id': 23, 'name': 'School'}, {'id': 76, 'name': 'Survival'}, {'id': 41, 'name': 'Suspense'}]","[{'id': 541, 'name': 'Seven'}]",novel
4415,World Destruction: Sekai Bokumetsu no Rokunin,13,6.93,5144.0,3410,2008-07-08,2008-09-30,2008,"Spinoff based on the Nintendo DS RPG game by SEGA, released in Japan July, 2008. 

In a world where humans serve as livestock for the ruling beastman, and where sand fills the roles of water and fire. Kyrie is recruited by the ""World Destruction Committee"" to assist in putting an end to their world. Kyrie alone holds the power needed to do it. 

(Source: AniDB)  ",tv,"[{'id': 2, 'name': 'Adventure'}, {'id': 10, 'name': 'Fantasy'}]","[{'id': 10, 'name': 'Production I.G'}]",game
21569,Pokemon Movie 17: Hakai no Mayu to Diancie,1,6.55,7505.0,3452,2014-07-19,2014-07-19,2014,"In the underground Diamond Domain, where many Carbink live, the Mythical Pokémon Diancie serves as ruler. The Holy Diamond that sustains the land is beginning to fall apart, and Diancie is not yet strong enough to create a new one. While seeking help from the Legendary Pokémon Xerneas, Diancie encounters a group of thieves who want to take control of its diamond-producing power–and who awaken the Legendary Pokémon Yveltal from its cocoon in the process! Can Satoshi and his friends help Diancie discover its true power, stop Yveltal’s rampage, and save the Diamond Domain?

(Source: Official site)",movie,"[{'id': 2, 'name': 'Adventure'}, {'id': 10, 'name': 'Fantasy'}, {'id': 15, 'name': 'Kids'}]","[{'id': 28, 'name': 'OLM'}]",game
12611,Sengoku Collection,26,6.46,8083.0,4872,2012-04-06,2012-09-28,2012,"Sengoku Collection revolves around many samurai who are accidentally removed from a parallel universe inhabited by well-known historic characters. Unlike the historical war period known to us, all inhabitants in this unique world look like high school girls. Coming from the medieval era and finding themselves totally amazed by everything they encounter in modern day Tokyo, the girls become best friends through their adventures. 

(Source: Crunchyroll) ",tv,"[{'id': 4, 'name': 'Comedy'}, {'id': 10, 'name': 'Fantasy'}, {'id': 20, 'name': 'Parody'}, {'id': 21, 'name': 'Samurai'}]","[{'id': 112, 'name': ""Brain's Base""}]",game
452,InuYasha Movie 1: Toki wo Koeru Omoi,1,7.57,1829.0,2222,2001-12-22,2001-12-22,2001,"During their quest in the feudal era to recover the shards of the miraculous Shikon Jewel, Inuyasha, Kagome Higurashi, and their friends become the target of Menoumaru Hyouga—a demon awakened by one of the Shikon fragments, now in pursuit of Inuyasha's heirloom sword Tessaiga. Following a clash between the fathers of Inuyasha and Menoumaru, the weapon is the only means to restore Menoumaru his rightful family heritage.

However, upon ambushing Inuyasha, Menoumaru discovers that Tessaiga's owner alone can wield it. Determined to achieve his objective regardless, he kidnaps Kagome to force Inuyasha to use his blade and release the sealed powers of the Hyouga clan. With their dependable companions' assistance, Inuyasha and Kagome oppose Menoumaru, unaware that his sinister intentions and alarming potential will endanger not only their world but also its distant future.

[Written by MAL Rewrite]
",movie,"[{'id': 1, 'name': 'Action'}, {'id': 2, 'name': 'Adventure'}, {'id': 10, 'name': 'Fantasy'}, {'id': 13, 'name': 'Historical'}, {'id': 6, 'name': 'Mythology'}, {'id': 22, 'name': 'Romance'}, {'id': 27, 'name': 'Shounen'}, {'id': 78, 'name': 'Time Travel'}]","[{'id': 14, 'name': 'Sunrise'}]",manga
42307,Subarashiki Kono Sekai The Animation,12,6.16,9884.0,2795,2021-04-10,2021-06-26,2021,"One day in the bustling city of Shibuya, a boy named Neku Sakuraba finds himself holding two black pins that enable him to read the minds of people around him. However, these pins also give him the ability to see the ""Noise,"" hostile creatures capable of ""erasing"" people from existence. After discovering that he is trapped within the confines of the city, Neku receives a message regarding a mission that will nevertheless erase him should he fail. 

While trying to fend off a Noise attack, Neku meets a girl named Shiki Misaki who asks him to form a partnership pact with her to fight against the monsters. Shiki explains that she and Neku have become ""Players"" participating in the ""Reaper's Game""—an event spanning over seven days, each featuring a different mission.

As Neku and Shiki both strive to survive each day that passes, they begin to meet other Players and Reapers alike, battle stronger Noise, and learn the truth behind the mystery that this game is shrouded in.

[Written by MAL Rewrite]",tv,"[{'id': 1, 'name': 'Action'}, {'id': 59, 'name': 'High Stakes Game'}, {'id': 7, 'name': 'Mystery'}, {'id': 41, 'name': 'Suspense'}]","[{'id': 247, 'name': 'Shin-Ei Animation'}, {'id': 1380, 'name': 'domerica'}]",game
36039,A.I.C.O. Incarnation,12,6.54,7531.0,2039,2018-03-09,2018-03-09,2018,"In 2035, an incident known as “The Burst” occurs at a Japanese research facility,  giving birth to the rapidly expanding, consuming, and self-replicating ""Matter."" Snaking its way through the remains of dams and military facilities in the Kurobe Gorge, the hostile Matter is besieged by task forces trying to prevent it from reaching the ocean and mercenaries seeking the truth behind its existence.

Aiko Tachibana lives under constant medical surveillance after being rescued from the Matter. She spends her days waiting out her recovery by making paper planes. Soon, her daily life at school is disturbed by the arrival of transfer student Yuuya Kanzaki, who proceeds to point out a number of inconsistencies regarding her body. Why is she never injured, and why does she suddenly no longer need her wheelchair? He claims that there is more to her existence than she has been led to believe, and that she alone holds the key to ending The Burst.

With many factions now interested in Aiko, she and Yuuya must gather allies and embark on a dangerous pilgrimage into the heart of the infested gorge before the net can close around them. To escape the conspiracy moving against them, the pair must face off against the Matter—an enemy that flows like water.

[Written by MAL Rewrite]
",ona,"[{'id': 1, 'name': 'Action'}, {'id': 24, 'name': 'Sci-Fi'}]","[{'id': 4, 'name': 'Bones'}]",original
38731,Diamond no Ace: Act II,52,8.28,337.0,2364,2019-04-02,2020-03-31,2019,"The hallowed ground of Koshien Stadium is the ""field of dreams,"" where the ambitions of high school baseball players come true. After emerging victorious in the autumn tournament last year, Seidou High School baseball's team  has finally earned the right to compete there for the first time in seven years.  Beyond the spring tournament looms the battle to decide who is the best team in the nation  — the Summer Koshien.

 With the third-year players due to retire after the summer tournament, the team has to integrate the experience of the seniors and the potential of the newcomers to overcome familiar and new opponents alike and win the coveted national title. 

Meanwhile, pitcher Eijun Sawamura is as determined as ever to earn jersey No. 1  and seize the position of ""ace"" from his persistent rival, Satoru Furuya.  As the team prepares for their greatest challenge yet, Sawamura and Furuya carry on their struggle to lead their team to glory and become the star of the game: the true ""Ace of the Diamond."" 

[Written by MAL Rewrite]",tv,"[{'id': 23, 'name': 'School'}, {'id': 27, 'name': 'Shounen'}, {'id': 30, 'name': 'Sports'}, {'id': 77, 'name': 'Team Sports'}]","[{'id': 11, 'name': 'Madhouse'}]",manga
20555,SoniAni: Super Sonico The Animation,12,6.1,10227.0,2472,2014-01-06,2014-03-24,2014,"Super Sonico is a clutzy, adorable, and well-endowed 18-year old girl. She's a complete sucker for anything cute, especially stray cats, all of which she giddily adopts. However, though Sonico should be enjoying a carefree and simple lifestyle as a young college student, her life is really anything but easy: she must balance being a professional model, working part-time at her grandmother's restaurant, and practicing guitar and performing concerts with her friends Suzu Fujimi and Fuuri Watanuki in their band, First Astronomical Velocity—all while attending college. SoniAni: Super Sonico the Animation follows Sonico as she faces daunting challenges in her search for her place in the world, even when her days are brimming with love and happiness.

[Written by MAL Rewrite]",tv,"[{'id': 50, 'name': 'Adult Cast'}, {'id': 4, 'name': 'Comedy'}, {'id': 19, 'name': 'Music'}]","[{'id': 314, 'name': 'White Fox'}]",other
16592,Danganronpa: Kibou no Gakuen to Zetsubou no Koukousei The Animation,13,7.19,3732.0,189,2013-07-05,2013-09-27,2013,"Makoto Naegi, a teenager with no remarkable talent, is surprised to learn that he has been accepted into Hope's Peak Private Academy: an elite school that gathers the best students from various fields. Despite believing his admission was just a fluke, Naegi is delighted to attend an institution known for ensuring success to those who graduate. Determined, he enters the front doors of the prestigious academy.

However, after losing consciousness inside, Naegi wakes up in a seemingly abandoned classroom. Failing to comprehend how he got there, Naegi begins to explore, and to his surprise, finds his classmates assembled in the gym. While everyone is trying to figure out what happened, they are confronted by the school principal—Monokuma, a robotic teddy bear. The mysterious toy explains that the freshmen are trapped inside the school with only one means of escape—kill a classmate without being discovered.

Tension fills the air as Naegi and his classmates realize that they are faced with two choices: participate in Monokuma's killing game, or reside together in the school for the rest of their lives.

[Written by MAL Rewrite]
",tv,"[{'id': 59, 'name': 'High Stakes Game'}, {'id': 14, 'name': 'Horror'}, {'id': 7, 'name': 'Mystery'}, {'id': 40, 'name': 'Psychological'}, {'id': 23, 'name': 'School'}, {'id': 76, 'name': 'Survival'}, {'id': 41, 'name': 'Suspense'}]","[{'id': 456, 'name': 'Lerche'}]",visual_novel
345,Eikoku Koi Monogatari Emma,12,7.61,1678.0,3072,2005-04-03,2005-06-19,2005,"Emma has been a maid for most of her life. Working for a retired governess—the strict but compassionate Kelly Stownar—Emma has grown to love her work and has long since accepted her place in society. Beautiful, hardworking, and exceptionally kind, Emma has captured the hearts of many of London's working men—but their feelings always remain unrequited. Emma is waiting for love, and she finds it in the most unlikely of places.

William is the eldest son of the wealthy Jones household—a family that has only recently been accepted into the gentry, securing their position in high society. He is also the former ward of Mrs. Stownar, and on his first visit in years, he falls madly in love with her maid. His earnest attempts to win her affection, coupled with his good nature and warm personality, have captured Emma's heart.

But the polite society of 19th century England does not take kindly to the rejection of tradition. As a result, Emma and William's relationship could not face more opposition. In a world where the class lines are as strongly defended as the borders of nations, does their love have the strength to survive?

[Written by MAL Rewrite]",tv,"[{'id': 50, 'name': 'Adult Cast'}, {'id': 8, 'name': 'Drama'}, {'id': 13, 'name': 'Historical'}, {'id': 22, 'name': 'Romance'}, {'id': 42, 'name': 'Seinen'}]","[{'id': 1, 'name': 'Studio Pierrot'}]",manga
3297,Aria the Origination,13,8.48,168.0,1842,2008-01-08,2008-04-01,2008,"In the 24th century on the planet Aqua, three girls—Akari Mizunashi, Alice Carroll, and Aika S. Granzchesta—continue to work hard toward achieving their goal of becoming Prima Undines: professional tour guide gondoliers. Luckily, the girls have the guidance of the three best Prima Undines in Neo-Venezia—Alicia Florence, Athena Glory, and Akira E. Ferrari—who are known as the ""Water Fairies"" in honor of their skill. With their help, the young apprentices train hard and work to overcome any situations that they find themselves in.

As these three young girls experience both the joys and hardships of life, they do their best to improve as tour gondoliers in Neo-Venezia, a terraformed replica of Venice.

[Written by MAL Rewrite]",tv,"[{'id': 63, 'name': 'Iyashikei'}, {'id': 24, 'name': 'Sci-Fi'}, {'id': 27, 'name': 'Shounen'}, {'id': 36, 'name': 'Slice of Life'}]","[{'id': 34, 'name': 'HAL Film Maker'}]",manga
738,MÄR,102,7.25,3377.0,3330,2005-04-03,2007-03-25,2005,"Dreaming of a magical world every night, the young Toramizu Ginta yearns to be able to go there. With only his friend Koyuki believing in his dreams, Ginta remains positive despite the slander he receives from others over his dreams. But his wishes are answered, as one day a large door appears in front of Ginta, summoning him to the land of MAR Heaven. In this land, the weapons known as ARMS exist. While initially Ginta greatly enjoyed the discovery of this magical world, he soon learns of the terrible wars that have once plagued MAR Heaven and the upcoming war that may soon appear.",tv,"[{'id': 1, 'name': 'Action'}, {'id': 2, 'name': 'Adventure'}, {'id': 4, 'name': 'Comedy'}, {'id': 10, 'name': 'Fantasy'}, {'id': 62, 'name': 'Isekai'}, {'id': 27, 'name': 'Shounen'}]","[{'id': 118, 'name': 'SynergySP'}]",manga
55907,Abstractions Void,1,6.16,,21099,2023-03-24,2023-03-24,2023,Music video for the song Abstractions Void by KOKO.,music,"[{'id': 19, 'name': 'Music'}]",[],original
21863,Mangaka-san to Assistant-san to The Animation,12,7.08,4383.0,950,2014-04-08,2014-06-24,2014,"Yuuki Aito is a perverted manga artist who appreciates panties, wishing to draw as many as he can. Being surrounded by numerous female assistants, he is constantly asking to use them as references for the manga he draws.
 
Although Aito has an extremely degenerate mind, he can also be a very kind, generous, and helpful person. The duality of his behavior confuses his assistants—do they love the considerate side of him that he rarely displays, or do they hate him for the perverted thoughts he has most of the time?

[Written by MAL Rewrite]",tv,"[{'id': 4, 'name': 'Comedy'}, {'id': 9, 'name': 'Ecchi'}, {'id': 35, 'name': 'Harem'}, {'id': 42, 'name': 'Seinen'}]","[{'id': 218, 'name': 'Zexcs'}]",manga
5865,Nanaka 6/17 Special,1,6.53,7635.0,12174,2003-06-17,2003-06-17,2003,Unaired series episode included in the DVD release.,special,"[{'id': 4, 'name': 'Comedy'}, {'id': 8, 'name': 'Drama'}, {'id': 22, 'name': 'Romance'}, {'id': 27, 'name': 'Shounen'}]","[{'id': 7, 'name': 'J.C.Staff'}]",manga
4970,Afro Samurai: Resurrection,1,7.34,2840.0,2163,2009-01-25,2009-01-25,2009,"After obtaining the Number One headband, which proclaims him to be the best of all warriors, Afro spends most of his days in peace, though his nightmare-filled nights are not so tranquil. His life crescendos into chaos once again when Jinno and Sio, his former friends from long ago, take the headband from him, as well as the remains of his father. Challenged by Sio to don the Number Two headband again and exact revenge on them for their actions, Afro embarks on another journey as the wearer of said headband—an item for which anyone would kill him.

Afro Samurai: Resurrection follows Afro as he fights a second series of battles against all manner of foes, wading through the sea of corpses in his wake so that he may once again quench his never-ending thirst for revenge.

[Written by MAL Rewrite]",movie,"[{'id': 1, 'name': 'Action'}, {'id': 2, 'name': 'Adventure'}, {'id': 58, 'name': 'Gore'}, {'id': 21, 'name': 'Samurai'}]","[{'id': 3, 'name': 'Gonzo'}]",original
5485,Shin Mazinger Shougeki! Z-hen,26,7.68,1471.0,5758,2009-04-04,2009-09-26,2009,"Set in the near future, humanity enters another energy revolution following the discovery of Photon Power. Derived from the ore discovered under the foothills of Mt. Fuji, its intended use was to solve the world's energy problems with its unimaginable power. Seeking this energy is Dr. Hell, a madman craving world domination who with his subordinates Baron Ashura, Count Brocken and Viscount Pygman, commands an army of mechanical beasts excavated from the ruins of ancient Greece to seize the Photon Power Lab for himself. Meeting the attack head on is the hot-blooded teenager Kabuto Kouji, who pilots the Photon Powered robot built by his grandfather, Mazinger Z. But in this battle between Dr. Hell and the Kabuto family, many legends surrounding the Mycenaean Civilization and Bardos Island, as well as the secrets of Mazinger Z remain shrouded in mystery.

A new series based on the mecha show that started it all, Mazinger Z. Shin Mazinger Shougeki! Z-Hen starts over from the beginning with a new cast, to tell a new story unrelated to the original show.

(Source: shin-mazinger.com)",tv,"[{'id': 8, 'name': 'Drama'}, {'id': 18, 'name': 'Mecha'}, {'id': 27, 'name': 'Shounen'}, {'id': 31, 'name': 'Super Power'}]","[{'id': 322, 'name': 'Bee Media'}, {'id': 325, 'name': 'Code'}]",manga
34800,Action Heroine Cheer Fruits,12,6.57,7332.0,6004,2017-07-07,2017-09-29,2017,"Several years ago, local heroines—superhero characters who represent towns and perform stage shows in order to raise their town's acclaim—had a boom in popularity. The most famous of these local heroines, Kamidaio, is scheduled to perform in the small town of Hinano, much to the excitement of Mikan Kise's little sister Yuzu. Unfortunately, when Mikan takes Yuzu to the show, she finds out that it has been canceled. She promises her distraught sister that she'll make sure she can see the show. Desperate not to let her down, Mikan asks her classmate, the local heroine fanatic An Akagi, for help.

Mikan and Ann put on their own Kamidaio performance clad in homemade costumes, which the kids in the audience love despite its lack of production value. The show is recorded by the student council president Misaki Shirogane, who posts it online to garner attention. Misaki is from a family of politicians and has taken it upon herself to revitalize Hinano. Impressed by their show, she recruits Mikan and An to become the official local heroines of their town. As the group works to improve their shows, they enlist the help of a variety of colorful individuals.

[Written by MAL Rewrite]",tv,"[{'id': 23, 'name': 'School'}, {'id': 36, 'name': 'Slice of Life'}]","[{'id': 51, 'name': 'Diomedéa'}]",original
44275,Selection Project,13,7.28,3195.0,3604,2021-10-01,2021-12-24,2021,"Due to a weak heart, Suzune Miyama has remained bedridden for most of her childhood. However, despite her illness, she has always dreamed of becoming an idol. Eventually, her opportunity comes in the form of the seventh Selection Project—a brutal series of competitions best known as the starting point of the legendary idol Akari Amasawa.

Anxious but excited, Suzune enters the preliminary round of Selection Project. Though her singing dazzles the judges and her fellow competitors, Suzune is unfortunately overcome by her nerves and freezes up in the middle of her performance. She recovers quickly, but the stumble is great enough that she loses the winning spot and is disqualified.

Or so it seems—until Seira Kurusu, the girl Suzune lost to, announces that she plans to drop out of Selection Project, believing Suzune is a more talented singer and therefore deserves the right to compete. Suzune is caught off guard by the decision, but promises Seira that they will meet again as top idols. She prepares herself for the challenging obstacles that lie ahead.

[Written by MAL Rewrite]",tv,"[{'id': 60, 'name': 'Idols (Female)'}, {'id': 19, 'name': 'Music'}]","[{'id': 95, 'name': 'Doga Kobo'}]",mixed_media
2035,Eikoku Koi Monogatari Emma: Molders-hen,12,7.8,1133.0,3908,2007-04-17,2007-07-03,2007,"In the faraway village of Haworth, a new chapter in Emma's life has begun. Now employed by the wealthy Molders family, Emma has resolved to put the past behind her. She'll have to adjust to a new house, a charming (but eccentric) new mistress, and a host of fellow servants, some with buried pasts of their own.

Meanwhile, back in London, William is doing his best to uphold his father's wishes as the Jones family heir, but try as he might, he can't forget Emma. Yet, whenever he feels at his worst, Eleanor is always there to comfort him with a warm, shy smile. Could the answer to his broken heart be right before his eyes?

(Source: RightStuf)",tv,"[{'id': 50, 'name': 'Adult Cast'}, {'id': 8, 'name': 'Drama'}, {'id': 13, 'name': 'Historical'}, {'id': 22, 'name': 'Romance'}, {'id': 42, 'name': 'Seinen'}]","[{'id': 30, 'name': 'Ajia-do'}]",manga
9846,Attraction,1,5.95,10976.0,11976,2010-11-16,2010-11-16,2010,"Interactive anti-smoking anime. Directed by Koji Morimoto (best known for Studio 4°C works), this ONA is available in Japanese, English, and French.",ona,"[{'id': 7, 'name': 'Mystery'}]","[{'id': 13, 'name': 'Studio 4°C'}]",original
